"Pob_Mun"	"2021"	"2020"	"2019"	"2018"	"2017"	"2016"	"2015"	"2014"	"2013"	"2012"	"2011"	"2010"	"2009"	"2008"	"2007"	"2006"	"2005"	"2004"	"2003"	"2002"	"2001"	"2000"	"1999"	"1998"	"1997"	"1996"
"19 Guadalajara"	265588	261995	257762	254308	253310	252882	253686	255426	257723	259537	256461	251563	246151	237787	224076	213505	203737	193913	185474	177761	171532	165347	161669	159331	..	157255
"19001 Abánades"	55	53	48	53	55	59	63	61	65	70	75	75	83	90	94	97	98	107	107	111	109	116	119	115	..	125
"19002 Ablanque"	60	55	59	60	62	73	74	80	89	100	98	107	110	107	115	129	128	140	141	145	154	153	154	158	..	157
"19003 Adobes"	32	35	29	31	38	42	43	44	45	53	52	54	55	62	57	61	70	68	64	50	44	41	42	43	..	45
"19004 Alaminos"	57	58	60	62	67	67	73	71	70	70	67	67	69	73	74	76	82	83	82	80	82	81	83	86	..	97
"19005 Alarilla"	127	137	163	156	122	115	90	99	113	123	138	133	136	134	138	126	126	122	123	122	121	136	120	122	..	123
"19006 Albalate de Zorita"	1080	930	943	918	930	957	997	1022	1105	1089	1125	1049	1087	1096	1052	987	929	813	859	864	890	910	936	1002	..	1010
"19007 Albares"	479	513	513	540	549	559	589	542	548	551	567	578	547	523	528	504	491	508	477	488	491	484	483	497	..	520
"19008 Albendiego"	45	50	49	46	43	44	43	39	40	42	43	39	39	37	40	39	38	38	40	38	43	46	46	47	..	52
"19009 Alcocer"	326	328	313	326	332	337	360	334	323	334	347	328	314	316	326	319	324	313	316	319	331	313	310	299	..	300
"19010 Alcolea de las Peñas"	16	14	13	12	12	11	13	11	12	15	19	17	16	15	17	21	24	24	26	26	28	29	30	32	..	33
"19011 Alcolea del Pinar"	326	327	320	321	328	336	343	348	377	397	407	410	401	404	417	407	396	406	386	367	389	413	421	397	..	409
"19013 Alcoroches"	128	127	126	125	130	138	141	141	159	162	166	173	169	171	169	164	165	167	167	175	182	182	196	202	..	211
"19015 Aldeanueva de Guadalajara"	99	86	86	84	81	84	79	81	82	104	107	108	106	102	116	122	116	115	115	111	105	104	105	101	..	107
"19016 Algar de Mesa"	53	55	55	59	59	62	67	58	57	68	77	54	56	58	61	65	70	75	78	76	77	80	80	83	..	92
"19017 Algora"	82	66	70	77	79	78	77	80	84	103	113	112	108	107	117	120	106	112	116	114	119	124	122	117	..	113
"19018 Alhóndiga"	157	161	157	157	165	172	184	196	206	205	206	209	207	229	235	238	253	244	248	249	230	225	232	241	..	256
"19019 Alique"	15	14	14	16	18	20	18	20	22	23	24	28	27	31	28	32	36	36	33	40	41	40	35	27	..	37
"19020 Almadrones"	55	55	57	58	60	63	59	72	80	90	90	93	98	97	99	94	100	109	103	87	98	97	100	90	..	91
"19021 Almoguera"	1307	1300	1289	1306	1340	1353	1401	1401	1422	1471	1477	1492	1481	1478	1453	1441	1457	1418	1221	1116	1048	1009	961	899	..	862
"19022 Almonacid de Zorita"	694	696	685	720	730	751	760	740	778	789	806	814	801	802	803	799	799	826	834	859	860	870	921	921	..	977
"19023 Alocén"	161	161	172	177	187	176	168	178	193	173	170	184	178	177	183	184	174	179	178	184	144	146	157	147	..	156
"19024 Alovera"	13051	12860	12735	12570	12478	12407	12247	12237	12196	12150	11717	11306	10734	9976	9184	8369	7234	5636	4083	3048	2353	1864	1576	1444	..	1422
"19027 Alustante"	153	155	153	157	147	157	172	186	208	225	226	228	230	236	237	252	261	261	238	257	259	253	253	261	..	284
"19031 Angón"	8	7	10	10	13	15	15	17	16	17	20	20	24	28	29	31	33	35	35	39	41	45	47	47	..	43
"19032 Anguita"	152	155	156	163	176	186	205	206	216	215	228	231	203	223	251	263	236	253	246	248	267	275	289	299	..	316
"19033 Anquela del Ducado"	59	46	50	51	61	64	69	74	78	85	85	75	73	77	71	72	85	88	90	91	94	94	93	98	..	89
"19034 Anquela del Pedregal"	26	29	24	23	21	22	19	19	21	23	24	24	22	22	22	25	25	22	23	25	24	24	25	26	..	27
"19036 Aranzueque"	370	358	380	390	414	415	436	436	447	463	465	458	443	396	419	401	385	385	375	375	363	378	384	367	..	369
"19037 Arbancón"	139	149	150	158	158	160	157	158	171	181	187	188	188	177	177	198	184	197	197	200	202	217	214	225	..	210
"19038 Arbeteta"	20	20	22	26	25	27	29	31	36	46	51	36	35	42	50	53	53	59	59	70	76	87	50	54	..	52
"19039 Argecilla"	70	59	64	65	65	66	70	70	74	77	81	77	71	72	81	81	94	100	104	96	98	107	111	113	..	116
"19040 Armallones"	55	54	59	51	49	51	54	60	60	69	75	52	56	62	67	51	56	61	62	61	63	63	60	60	..	54
"19041 Armuña de Tajuña"	240	229	246	226	234	251	240	231	245	252	273	231	251	227	151	139	127	122	114	106	107	108	110	111	..	116
"19042 Arroyo de las Fraguas"	22	21	22	22	24	26	28	30	34	39	41	37	38	44	46	47	44	42	42	45	44	42	43	47	..	53
"19043 Atanzón"	100	97	100	92	90	83	81	82	85	102	104	101	92	110	112	112	101	105	110	93	94	98	105	106	..	110
"19044 Atienza"	395	385	405	431	452	444	458	479	482	498	473	472	466	476	454	463	450	435	433	441	471	465	470	489	..	494
"19045 Auñón"	140	134	142	146	150	157	163	177	174	206	194	204	217	227	234	234	248	254	255	245	251	255	263	260	..	266
"19046 Azuqueca de Henares"	35236	35407	35009	34685	34768	34703	34896	35335	35397	35146	34195	33735	32744	30794	28155	26064	24097	23101	22252	21185	20383	19491	18592	17505	..	16013
"19047 Baides"	63	56	56	55	61	63	73	80	87	91	97	88	48	53	55	58	59	63	68	73	79	80	82	93	..	97
"19048 Baños de Tajo"	21	18	19	17	16	19	17	18	15	19	20	20	20	22	23	25	26	29	28	26	30	29	31	31	..	31
"19049 Bañuelos"	13	13	14	14	16	16	17	16	22	23	25	25	32	31	29	32	29	23	27	32	31	31	30	30	..	32
"19050 Barriopedro"	17	15	15	16	17	18	19	20	20	23	23	27	27	27	28	29	32	32	31	31	30	32	32	36	..	36
"19051 Berninches"	53	52	49	50	56	58	65	65	67	76	86	93	92	100	105	116	120	126	131	130	130	117	113	115	..	125
"19052 Bodera, La"	21	23	22	26	24	26	31	32	33	35	35	37	29	28	30	36	42	45	48	51	52	56	58	60	..	58
"19053 Brihuega"	2467	2378	2410	2399	2465	2476	2538	2593	2673	2798	2818	2835	2873	2854	2835	2823	2847	2788	2802	2894	2884	2895	2891	2916	..	3101
"19054 Budia"	201	189	196	208	214	223	231	214	215	220	228	229	226	222	227	240	266	270	269	271	274	281	286	282	..	296
"19055 Bujalaro"	48	50	47	43	50	64	67	56	53	64	73	71	69	74	78	83	83	79	78	86	88	88	80	85	..	88
"19057 Bustares"	76	74	79	76	81	85	80	85	80	81	81	84	89	87	92	101	94	98	98	95	95	95	100	105	..	108
"19058 Cabanillas del Campo"	10844	10657	10442	10123	9947	9794	9707	9811	9710	9709	9477	9450	9131	8801	8258	7767	7189	6450	5664	5092	4542	2717	2214	2287	..	2285
"19059 Campillo de Dueñas"	75	80	78	79	81	80	85	85	88	91	96	99	102	105	110	109	111	111	115	122	126	132	138	142	..	151
"19060 Campillo de Ranas"	167	171	171	147	157	163	186	180	186	189	195	198	206	208	208	190	184	184	169	158	155	152	144	128	..	121
"19061 Campisábalos"	66	60	57	52	65	68	66	60	63	79	93	91	70	65	56	54	64	71	77	75	71	76	72	61	..	66
"19064 Canredondo"	76	64	67	63	75	76	88	93	99	107	109	90	102	118	108	104	108	113	107	89	104	103	103	108	..	108
"19065 Cantalojas"	146	146	151	144	153	167	166	161	158	159	172	151	152	157	150	145	143	144	146	150	156	158	163	155	..	155
"19066 Cañizar"	57	53	54	58	60	63	71	73	74	79	84	83	95	97	97	106	111	104	105	114	105	104	110	108	..	125
"19067 Cardoso de la Sierra, El"	56	57	60	64	66	63	66	70	70	69	77	80	71	70	72	69	73	75	79	92	93	93	93	96	..	103
"19070 Casa de Uceda"	98	91	89	93	95	96	111	117	110	128	135	117	87	91	105	116	109	110	106	107	105	108	109	116	..	119
"19071 Casar, El"	12710	12415	12062	11812	11792	11601	11606	11643	11635	11622	11269	10543	10031	9358	8581	7626	6525	5588	4826	4412	3877	3404	2796	2742	..	2222
"19073 Casas de San Galindo"	19	19	16	18	21	23	24	22	23	27	28	32	33	34	34	31	32	32	32	35	32	35	40	39	..	41
"19074 Caspueñas"	116	96	81	83	88	96	97	100	104	114	111	111	108	106	105	108	95	98	103	100	87	79	85	83	..	81
"19075 Castejón de Henares"	61	64	65	63	62	67	69	77	80	88	92	102	102	104	107	103	107	106	104	104	106	107	115	120	..	129
"19076 Castellar de la Muela"	32	29	22	26	30	37	41	37	38	37	38	38	33	34	37	38	40	42	45	42	43	55	54	50	..	55
"19078 Castilforte"	60	52	55	56	56	59	57	57	60	64	73	70	54	52	54	56	62	52	53	54	55	47	47	54	..	53
"19079 Castilnuevo"	6	7	8	9	9	8	8	8	7	8	11	13	13	13	13	14	9	9	7	9	9	11	12	11	..	12
"19080 Cendejas de Enmedio"	66	68	72	71	74	75	86	85	85	98	104	104	109	113	112	116	122	125	122	121	122	124	128	126	..	129
"19081 Cendejas de la Torre"	24	25	24	24	26	27	30	33	36	38	41	45	45	50	64	65	65	69	77	82	85	89	100	102	..	113
"19082 Centenera"	143	121	117	107	110	101	106	102	100	110	112	111	115	120	105	95	84	88	77	69	67	72	72	74	..	75
"19103 Checa"	286	285	282	273	279	287	289	288	312	336	340	341	341	341	334	339	359	364	385	398	410	410	414	420	..	427
"19104 Chequilla"	17	18	18	17	17	16	21	18	13	15	18	19	19	18	20	18	16	19	20	18	22	21	16	16	..	21
"19106 Chillarón del Rey"	84	90	88	92	93	110	111	108	108	118	124	128	123	113	128	117	116	121	124	121	123	123	127	126	..	137
"19105 Chiloeches"	3797	3623	3579	3508	3424	3305	3291	3310	3265	3179	3077	2961	2772	2556	2297	2073	1875	1684	1573	1481	1265	1040	1060	1091	..	1137
"19086 Cifuentes"	1611	1634	1645	1697	1749	1830	1920	1961	2052	2108	2109	2109	2075	2053	2044	2038	2021	2019	2006	2079	2122	2195	2222	2299	..	2405
"19087 Cincovillas"	20	19	22	23	22	22	22	23	23	25	25	25	28	30	36	33	35	39	39	43	42	41	37	39	..	38
"19088 Ciruelas"	117	112	122	104	91	97	101	105	114	128	144	117	116	122	114	104	97	105	118	109	115	117	101	86	..	92
"19089 Ciruelos del Pinar"	23	19	29	32	30	31	28	31	33	36	37	42	35	43	50	49	41	49	52	54	61	58	57	59	..	67
"19090 Cobeta"	109	106	114	115	110	118	121	120	119	123	129	124	120	119	111	103	105	108	104	111	118	117	119	122	..	129
"19091 Cogollor"	21	24	25	30	29	27	29	31	32	32	33	37	34	35	36	39	37	40	41	43	46	50	59	59	..	61
"19092 Cogolludo"	552	519	540	549	581	595	600	648	673	656	671	690	701	697	645	609	633	623	614	587	590	610	583	603	..	629
"19095 Condemios de Abajo"	10	13	14	14	15	16	20	22	23	25	23	26	25	23	24	29	33	29	27	27	27	29	29	29	..	32
"19096 Condemios de Arriba"	111	111	123	105	116	126	128	129	142	146	153	155	169	170	169	177	171	181	176	162	162	161	170	176	..	183
"19097 Congostrina"	12	14	17	16	18	19	21	23	26	37	36	44	52	50	53	54	45	48	49	46	45	45	43	37	..	43
"19098 Copernal"	31	32	28	24	26	30	28	32	43	37	41	42	38	32	40	30	24	24	29	30	30	31	28	29	..	32
"19099 Corduente"	342	339	349	345	353	364	365	365	377	397	415	409	411	417	402	416	425	430	441	458	446	456	462	470	..	481
"19102 Cubillo de Uceda, El"	129	119	121	118	125	135	145	155	163	171	182	179	191	179	161	132	131	119	119	119	123	131	131	134	..	142
"19107 Driebes"	361	348	366	339	335	352	375	371	401	433	443	465	450	455	434	388	373	361	364	354	355	363	364	366	..	364
"19108 Durón"	105	99	106	109	114	120	129	121	110	117	120	122	122	135	148	151	155	173	162	148	127	122	114	108	..	110
"19109 Embid"	33	35	33	35	39	40	44	44	48	53	53	54	54	55	54	58	59	60	61	64	66	66	68	68	..	66
"19110 Escamilla"	57	56	63	60	58	67	71	73	69	80	89	93	91	102	105	108	108	105	107	110	118	127	129	132	..	146
"19111 Escariche"	201	178	185	171	175	176	187	190	188	203	212	220	204	208	210	202	214	217	211	199	190	192	193	204	..	220
"19112 Escopete"	64	52	57	50	53	69	62	57	66	75	79	76	84	92	84	65	61	67	61	57	57	60	60	61	..	68
"19113 Espinosa de Henares"	627	629	628	665	684	685	696	757	788	800	816	828	821	782	718	660	655	631	590	580	566	576	568	604	..	543
"19114 Esplegares"	39	32	38	38	42	43	40	41	43	44	44	44	46	51	53	52	55	54	57	62	61	63	63	63	..	63
"19115 Establés"	29	35	37	30	30	27	29	33	36	45	47	46	48	47	49	53	53	55	62	47	48	45	46	47	..	55
"19116 Estriégana"	10	14	14	13	17	17	21	18	18	22	18	17	24	25	24	23	25	24	24	26	26	25	26	27	..	29
"19117 Fontanar"	2523	2406	2370	2364	2347	2328	2338	2349	2370	2342	2276	2156	2012	1763	1626	1444	1362	1263	1120	1041	962	958	932	931	..	902
"19118 Fuembellida"	13	12	10	8	8	10	13	13	14	14	16	17	16	16	16	13	13	15	17	16	16	16	16	17	..	17
"19119 Fuencemillán"	86	82	86	88	98	100	99	102	123	136	139	137	130	114	118	113	112	108	112	124	109	107	114	123	..	130
"19120 Fuentelahiguera de Albatages"	132	131	136	131	128	123	136	134	135	129	132	131	146	146	153	149	158	156	143	151	156	159	165	164	..	194
"19121 Fuentelencina"	299	312	325	284	295	303	332	307	310	326	351	334	349	363	369	264	240	227	216	196	188	181	180	176	..	166
"19122 Fuentelsaz"	92	89	94	89	95	104	104	103	103	109	112	113	107	107	107	118	121	118	119	124	128	133	137	142	..	156
"19123 Fuentelviejo"	54	47	46	43	52	57	70	53	41	48	50	50	55	59	57	57	61	60	71	65	66	68	81	78	..	81
"19124 Fuentenovilla"	566	513	517	526	532	533	543	565	600	634	613	610	616	588	513	416	369	342	300	290	242	226	225	222	..	227
"19125 Gajanejos"	57	54	47	49	41	45	50	52	57	53	59	60	63	68	63	67	63	68	74	79	80	79	85	89	..	96
"19126 Galápagos"	2579	2475	2403	2416	2408	2395	2368	2339	2209	2246	2174	2108	2037	1924	1584	1283	941	678	533	443	363	316	285	225	..	230
"19127 Galve de Sorbe"	95	109	100	107	97	103	109	113	124	121	125	131	140	143	136	120	134	133	132	144	153	157	157	162	..	169
"19129 Gascueña de Bornova"	31	29	28	29	32	35	39	42	45	62	67	69	68	66	57	52	61	54	54	50	45	48	46	48	..	50
"19130 Guadalajara"	87064	87484	85871	84910	84145	83633	83391	83720	84504	84803	84453	83789	83039	81221	77925	75493	73719	71815	70732	69098	67640	66103	69959	68721	..	67108
"19132 Henche"	86	96	104	100	100	97	100	106	100	104	111	98	103	108	105	108	107	116	115	104	90	89	87	79	..	77
"19133 Heras de Ayuso"	239	255	270	272	241	231	252	262	264	260	261	243	241	214	210	178	163	150	157	127	118	116	122	129	..	126
"19134 Herrería"	26	24	30	19	21	24	26	20	21	23	24	22	21	23	25	27	31	34	35	42	39	33	37	42	..	42
"19135 Hiendelaencina"	117	109	115	118	117	121	133	133	141	154	155	150	154	130	135	117	124	131	118	121	124	135	136	139	..	147
"19136 Hijes"	18	18	19	19	19	22	25	21	21	29	28	25	26	27	27	28	25	22	24	26	24	26	26	26	..	27
"19138 Hita"	292	288	294	307	329	339	358	374	388	403	416	420	416	419	408	361	331	299	300	292	249	257	282	295	..	290
"19139 Hombrados"	39	35	33	29	33	36	38	34	37	37	37	32	32	33	36	36	38	44	40	45	43	43	49	48	..	54
"19142 Hontoba"	378	339	318	299	308	321	314	317	328	315	335	350	341	336	295	250	244	220	213	195	183	187	186	187	..	185
"19143 Horche"	2702	2622	2535	2538	2542	2540	2544	2473	2491	2510	2484	2384	2351	2267	2094	1945	1871	1775	1691	1605	1523	1463	1407	1407	..	1375
"19145 Hortezuela de Océn"	38	40	42	43	48	50	52	54	59	67	70	69	73	72	76	73	74	78	80	80	79	81	79	79	..	84
"19146 Huerce, La"	52	56	51	44	43	43	39	44	52	59	61	60	55	56	54	47	44	45	44	43	43	41	45	40	..	42
"19147 Huérmeces del Cerro"	41	41	42	42	42	39	43	45	48	54	62	68	45	48	48	49	52	53	53	54	57	61	62	66	..	70
"19148 Huertahernando"	58	54	53	53	55	60	60	56	58	62	65	61	69	64	70	68	67	66	65	65	75	70	70	74	..	70
"19150 Hueva"	105	120	143	130	142	149	140	150	138	140	146	137	134	136	138	141	134	138	127	132	139	142	139	143	..	151
"19151 Humanes"	1577	1511	1496	1487	1462	1466	1485	1539	1570	1616	1521	1513	1521	1443	1385	1351	1354	1272	1230	1233	1194	1209	1188	1223	..	1250
"19152 Illana"	776	664	686	654	660	702	775	799	808	893	929	909	914	875	828	764	752	747	741	714	689	675	684	684	..	702
"19153 Iniéstola"	22	23	22	21	22	24	24	25	28	20	23	17	17	17	18	15	15	17	17	14	14	14	18	18	..	20
"19154 Inviernas, Las"	61	58	59	63	70	68	66	70	74	80	88	89	89	91	99	101	105	102	104	100	101	98	100	87	..	98
"19155 Irueste"	82	72	68	73	74	72	65	61	67	63	62	69	63	64	58	61	66	65	72	61	66	68	68	68	..	75
"19156 Jadraque"	1383	1370	1413	1434	1459	1497	1504	1576	1657	1662	1652	1639	1580	1555	1492	1532	1426	1354	1334	1331	1290	1274	1253	1272	..	1247
"19157 Jirueque"	51	55	59	55	57	62	68	61	65	72	69	68	69	76	82	95	78	84	80	85	87	91	88	73	..	61
"19159 Ledanca"	113	104	98	99	104	110	102	107	107	112	119	119	99	99	110	119	122	120	115	115	131	134	133	143	..	152
"19160 Loranca de Tajuña"	1396	1264	1249	1199	1227	1254	1275	1314	1373	1388	1434	1431	1428	1368	1267	1016	827	575	449	372	350	346	335	312	..	305
"19161 Lupiana"	268	259	257	250	248	257	256	247	243	275	266	222	237	242	249	247	242	227	235	247	254	262	275	277	..	278
"19162 Luzaga"	65	67	69	72	67	69	65	75	81	91	90	90	92	91	94	97	105	106	108	105	108	114	124	124	..	124
"19163 Luzón"	65	69	68	67	63	66	72	75	72	79	77	79	75	74	73	72	70	80	80	79	82	82	85	88	..	93
"19165 Majaelrayo"	58	55	51	55	57	60	52	51	54	60	64	63	66	71	69	64	75	72	70	62	62	56	57	57	..	58
"19166 Málaga del Fresno"	180	185	180	183	175	178	194	193	201	204	205	220	212	212	209	211	206	198	203	205	205	212	209	221	..	223
"19167 Malaguilla"	175	158	152	156	146	148	154	141	136	145	154	136	123	127	127	126	133	137	138	130	134	145	147	157	..	156
"19168 Mandayona"	290	287	294	297	314	326	339	335	333	354	377	400	397	408	402	387	393	405	421	419	424	430	447	462	..	472
"19169 Mantiel"	30	31	34	37	41	42	49	45	53	58	70	75	76	85	78	70	73	79	87	100	96	88	75	69	..	74
"19170 Maranchón"	232	234	229	222	240	246	247	262	263	254	288	265	244	245	257	264	252	244	250	233	251	248	227	245	..	262
"19171 Marchamalo"	7889	7684	7474	7229	7073	6969	6750	6664	6593	6468	6042	5553	5252	5072	4849	4792	4700	4548	4363	4337	4303	4299	..	..	..	..
"19172 Masegoso de Tajuña"	49	49	52	51	57	60	59	67	80	84	85	90	85	82	95	98	99	97	100	91	102	105	96	100	..	105
"19173 Matarrubia"	65	57	70	61	48	49	46	49	57	59	65	66	61	58	55	50	55	51	44	43	45	51	55	55	..	50
"19174 Matillas"	97	101	105	106	122	134	149	124	125	158	168	162	164	185	182	171	185	171	161	180	191	203	205	216	..	225
"19175 Mazarete"	31	35	38	37	38	38	46	45	49	54	51	58	55	53	56	58	67	66	66	68	74	71	77	79	..	87
"19176 Mazuecos"	270	266	268	257	271	289	307	307	309	328	325	350	369	391	410	359	376	359	361	321	346	367	372	387	..	395
"19177 Medranda"	63	60	66	72	80	83	84	88	96	98	100	104	114	112	120	128	126	109	115	119	128	126	135	134	..	150
"19178 Megina"	35	29	32	30	32	39	47	50	50	48	55	56	57	59	55	54	57	57	63	71	75	79	81	87	..	87
"19179 Membrillera"	102	87	98	88	91	92	96	95	103	119	124	127	122	120	117	128	116	113	118	109	99	99	100	104	..	103
"19181 Miedes de Atienza"	54	53	59	60	61	64	67	67	67	73	83	85	87	86	90	91	94	103	104	104	97	99	99	101	..	115
"19182 Mierla, La"	40	39	41	40	40	39	41	33	33	37	42	30	27	25	25	23	22	27	27	33	26	26	25	27	..	44
"19184 Millana"	108	105	110	102	110	120	126	120	141	152	151	158	173	172	162	164	160	158	154	132	123	114	114	118	..	121
"19183 Milmarcos"	73	78	73	77	80	85	98	90	96	104	114	109	112	116	120	109	108	125	140	114	111	116	120	114	..	102
"19185 Miñosa, La"	34	26	28	28	31	33	34	40	40	41	42	38	46	58	61	48	50	57	56	62	52	47	51	48	..	48
"19186 Mirabueno"	78	74	80	83	86	85	93	103	91	96	105	102	91	96	108	102	107	111	117	117	118	120	120	121	..	123
"19187 Miralrío"	59	53	51	55	57	64	64	68	71	91	88	84	86	89	80	76	85	76	91	87	93	90	83	85	..	85
"19188 Mochales"	42	40	46	48	50	50	52	52	59	64	76	74	58	66	69	77	81	90	95	111	114	114	117	121	..	127
"19189 Mohernando"	174	183	173	172	169	175	180	185	188	200	212	207	207	196	176	172	165	151	146	131	129	123	130	139	..	142
"19190 Molina de Aragón"	3217	3233	3275	3295	3365	3403	3468	3572	3514	3706	3670	3646	3671	3667	3534	3656	3662	3478	3411	3280	3244	3304	3330	3432	..	3529
"19191 Monasterio"	14	14	14	14	15	13	13	16	22	19	18	20	21	21	22	22	24	24	20	20	19	17	19	19	..	21
"19192 Mondéjar"	2745	2686	2645	2637	2627	2599	2579	2636	2686	2750	2705	2688	2665	2637	2614	2661	2629	2500	2367	2302	2206	2138	2083	2065	..	2114
"19193 Montarrón"	28	25	23	26	25	26	28	30	29	31	36	37	38	40	41	46	46	44	48	55	58	58	59	59	..	64
"19194 Moratilla de los Meleros"	102	100	103	100	103	111	111	106	114	137	144	129	127	121	121	110	114	95	86	94	92	96	100	111	..	115
"19195 Morenilla"	50	37	38	38	41	44	45	46	47	49	47	48	48	47	46	42	46	51	51	55	57	55	54	53	..	58
"19196 Muduex"	101	100	100	102	107	112	116	114	111	114	116	110	122	118	115	114	122	120	108	111	114	114	116	122	..	125
"19197 Navas de Jadraque, Las"	31	32	27	28	30	28	27	24	29	32	30	28	31	36	33	32	33	33	35	36	34	29	25	26	..	22
"19198 Negredo"	17	17	17	17	13	15	21	23	25	26	23	22	19	21	21	20	22	20	19	17	19	21	24	23	..	25
"19199 Ocentejo"	17	18	21	18	19	19	20	21	23	25	25	25	27	27	33	40	40	41	49	44	46	53	50	52	..	49
"19200 Olivar, El"	69	69	71	75	78	77	89	89	102	129	195	119	133	144	169	112	124	161	192	107	112	134	122	114	..	114
"19201 Olmeda de Cobeta"	63	67	66	64	63	71	73	68	72	82	81	78	78	87	88	96	108	112	119	101	77	72	75	75	..	84
"19202 Olmeda de Jadraque, La"	15	15	17	9	7	12	16	15	15	14	18	21	22	23	21	16	19	23	21	27	25	32	31	19	..	22
"19203 Ordial, El"	37	28	29	27	29	29	31	33	33	34	37	39	41	46	45	44	46	48	53	51	53	51	49	48	..	49
"19204 Orea"	210	181	180	177	184	189	203	218	210	245	242	250	249	243	236	236	248	258	251	282	282	289	290	273	..	276
"19208 Pálmaces de Jadraque"	44	40	41	41	40	45	47	47	50	63	70	74	74	70	64	69	69	65	61	64	66	69	64	65	..	63
"19209 Pardos"	40	43	43	44	42	45	43	45	50	55	57	62	59	60	61	66	68	67	68	66	65	64	64	63	..	67
"19210 Paredes de Sigüenza"	24	22	19	19	20	21	22	26	28	33	38	35	34	36	42	40	42	43	45	52	54	55	57	68	..	76
"19211 Pareja"	455	393	393	389	419	422	468	486	513	523	543	536	609	617	617	548	473	502	538	483	498	504	486	469	..	481
"19212 Pastrana"	839	858	850	873	885	915	978	1011	1054	1070	1089	1106	1157	1189	1121	1095	1064	1071	1057	1077	1090	1128	1124	1161	..	1209
"19213 Pedregal, El"	66	72	74	77	78	78	83	85	84	84	84	81	90	93	92	103	103	106	108	113	105	106	110	110	..	114
"19214 Peñalén"	75	75	73	76	74	75	82	87	90	98	100	107	103	109	115	108	120	126	128	127	137	138	137	147	..	160
"19215 Peñalver"	151	133	144	152	168	178	187	191	214	225	232	240	236	226	227	220	223	209	215	222	237	237	248	246	..	237
"19216 Peralejos de las Truchas"	155	152	143	156	151	155	153	155	148	151	160	172	166	187	164	162	178	169	172	171	176	170	179	176	..	170
"19217 Peralveche"	40	38	45	49	55	60	70	73	76	81	103	95	88	102	125	106	107	112	132	127	142	166	132	79	..	95
"19218 Pinilla de Jadraque"	51	47	50	52	53	53	55	59	59	63	62	64	62	63	66	69	77	83	87	87	88	88	89	92	..	106
"19219 Pinilla de Molina"	10	9	10	11	13	16	17	17	18	22	25	27	21	22	23	24	27	27	29	28	29	26	25	26	..	28
"19220 Pioz"	4687	4352	4052	3770	3602	3471	3544	3579	3595	3563	3341	3103	2784	2191	1630	1337	1071	864	762	700	627	431	366	366	..	380
"19221 Piqueras"	49	52	55	56	58	65	56	51	55	57	63	54	53	53	52	54	58	61	58	58	61	71	68	60	..	57
"19222 Pobo de Dueñas, El"	104	108	109	111	120	126	134	137	138	144	150	158	163	158	166	159	151	150	153	160	172	172	176	180	..	189
"19223 Poveda de la Sierra"	116	114	114	120	126	130	131	135	142	138	152	150	154	153	160	162	162	179	186	193	194	195	205	207	..	207
"19224 Pozo de Almoguera"	104	107	105	106	98	97	109	99	110	118	122	131	128	129	141	151	156	154	158	164	170	181	191	207	..	212
"19225 Pozo de Guadalajara"	1392	1332	1303	1269	1260	1249	1249	1255	1298	1329	1330	1362	1314	1192	1116	993	838	646	550	435	386	381	371	379	..	401
"19226 Prádena de Atienza"	40	47	49	42	44	51	51	46	48	49	43	42	43	43	46	49	51	50	52	55	54	46	37	38	..	42
"19227 Prados Redondos"	57	60	73	61	67	70	74	75	78	95	110	109	98	111	121	111	113	124	98	100	86	84	84	86	..	92
"19228 Puebla de Beleña"	35	43	40	36	46	47	46	45	51	57	56	53	60	66	59	49	49	52	49	47	40	46	45	41	..	37
"19229 Puebla de Valles"	59	59	58	60	64	67	74	82	80	83	85	85	85	97	95	106	87	84	77	75	71	70	69	67	..	73
"19230 Quer"	921	830	814	778	756	748	747	739	714	676	661	639	638	621	612	556	544	449	166	88	87	82	88	102	..	107
"19231 Rebollosa de Jadraque"	10	10	11	12	12	12	14	14	14	15	20	22	25	31	33	32	32	32	33	32	32	32	35	39	..	40
"19232 Recuenco, El"	62	59	58	60	65	73	74	73	79	86	89	97	79	80	77	84	91	92	94	108	114	111	116	93	..	101
"19233 Renera"	109	100	90	92	91	97	111	126	110	122	122	120	113	115	100	73	73	61	56	53	59	64	67	64	..	70
"19234 Retiendas"	52	43	48	42	44	47	53	48	44	56	76	43	48	53	47	48	48	50	54	65	67	54	51	51	..	54
"19235 Riba de Saelices"	106	102	105	87	100	103	111	118	115	123	130	136	130	138	142	158	170	168	156	164	168	171	173	183	..	197
"19237 Rillo de Gallo"	47	42	43	44	46	52	56	55	59	61	61	67	67	65	68	75	67	74	77	73	57	60	61	66	..	72
"19238 Riofrío del Llano"	61	57	55	49	46	46	46	43	40	45	49	52	50	45	51	52	58	57	53	61	67	63	71	75	..	81
"19239 Robledillo de Mohernando"	127	117	115	106	109	115	109	121	123	136	120	135	143	139	128	125	129	129	138	159	159	174	164	174	..	168
"19240 Robledo de Corpes"	40	44	52	45	47	51	55	51	63	71	67	66	71	73	77	87	96	108	110	109	102	104	106	73	..	76
"19241 Romanillos de Atienza"	34	36	36	42	43	49	54	53	52	50	46	48	52	53	55	58	57	55	49	50	60	63	78	70	..	70
"19242 Romanones"	104	95	99	100	108	120	117	119	118	130	131	130	129	130	144	141	132	127	123	123	130	140	147	143	..	145
"19243 Rueda de la Sierra"	40	39	38	40	48	50	50	58	56	59	56	57	54	50	46	51	51	58	63	66	69	66	65	70	..	76
"19244 Sacecorbo"	91	89	91	85	93	100	93	96	100	109	114	121	125	143	177	163	165	163	180	167	166	161	139	134	..	143
"19245 Sacedón"	1530	1523	1533	1519	1542	1572	1605	1716	1817	1851	1863	1839	1856	1844	1784	1758	1700	1626	1566	1565	1556	1554	1668	1538	..	1585
"19246 Saelices de la Sal"	39	39	43	44	48	55	54	56	52	53	58	60	53	52	60	63	61	69	69	65	66	66	70	68	..	72
"19247 Salmerón"	141	140	157	155	159	171	177	177	194	188	196	200	194	193	200	211	216	220	223	247	243	252	276	285	..	287
"19248 San Andrés del Congosto"	74	74	76	72	75	82	91	86	81	94	95	91	92	89	76	76	73	79	79	78	85	84	86	84	..	99
"19249 San Andrés del Rey"	39	40	29	35	32	32	34	36	37	37	38	42	41	41	40	43	46	46	46	50	53	46	40	42	..	50
"19250 Santiuste"	15	14	14	18	22	20	19	20	24	23	22	22	21	27	24	27	25	24	26	22	23	26	25	29	..	25
"19251 Saúca"	54	56	52	53	56	59	58	55	52	53	48	53	54	59	63	69	68	70	71	68	71	73	76	70	..	66
"19252 Sayatón"	64	68	78	81	83	86	89	95	103	117	116	111	115	120	125	121	126	129	126	136	136	150	170	172	..	199
"19254 Selas"	43	44	46	47	52	61	63	64	67	64	66	74	75	65	64	64	62	63	63	53	54	60	58	57	..	60
"19901 Semillas"	36	35	36	40	43	40	41	40	40	39	42	43	44	49	47	50	50	50	47	49	46	42	39	35	..	34
"19255 Setiles"	85	80	80	76	83	83	84	86	92	98	103	111	119	122	128	129	141	147	144	154	159	162	163	160	..	179
"19256 Sienes"	49	52	50	53	56	54	55	58	60	62	70	70	76	83	89	82	82	75	74	72	77	83	83	91	..	107
"19257 Sigüenza"	4298	4319	4309	4356	4496	4551	4648	4712	4772	4842	4947	4960	5044	5013	4275	4629	4817	4806	4796	4725	4580	4594	4643	4801	..	4880
"19258 Solanillos del Extremo"	87	88	91	96	92	96	104	96	102	109	117	116	118	121	127	134	133	122	126	117	126	124	129	127	..	127
"19259 Somolinos"	30	29	30	35	38	33	33	33	35	35	36	34	36	45	43	42	37	37	38	39	45	51	40	40	..	36
"19260 Sotillo, El"	41	43	42	41	46	47	48	48	49	50	49	51	46	46	47	53	50	48	46	44	47	47	47	50	..	52
"19261 Sotodosos"	30	33	33	34	36	38	41	42	44	47	50	55	55	53	58	61	70	64	60	58	60	64	64	64	..	70
"19262 Tamajón"	146	137	126	123	124	131	148	159	155	175	184	188	189	196	198	205	215	216	217	224	223	238	234	226	..	207
"19263 Taragudo"	45	44	49	44	48	51	51	47	45	43	47	41	40	38	35	32	33	38	37	32	32	33	29	31	..	30
"19264 Taravilla"	33	36	38	33	35	34	41	39	38	45	49	53	56	59	60	63	67	65	68	66	71	72	75	72	..	77
"19265 Tartanedo"	144	144	140	149	142	140	150	152	160	172	167	165	148	152	156	160	164	174	176	187	198	195	209	207	..	210
"19266 Tendilla"	298	304	307	304	329	331	339	356	378	400	410	414	409	398	380	363	354	330	311	307	314	338	351	361	..	370
"19267 Terzaga"	20	22	23	22	23	19	20	19	19	20	22	26	27	27	27	28	28	28	29	31	33	32	35	35	..	42
"19268 Tierzo"	48	55	49	30	34	38	38	36	36	40	40	40	41	41	43	43	50	52	55	57	57	53	45	43	..	42
"19269 Toba, La"	80	85	96	96	103	108	105	99	102	109	119	107	107	118	110	107	110	114	106	112	114	120	115	116	..	122
"19271 Tordellego"	50	47	48	50	55	54	56	57	63	62	62	64	66	64	64	63	61	62	66	72	74	74	75	76	..	78
"19270 Tordelrábano"	10	11	26	13	14	20	21	14	14	16	20	17	10	10	11	9	9	11	10	10	11	12	14	16	..	18
"19272 Tordesilos"	94	85	92	96	105	102	108	114	112	118	121	122	126	113	130	140	142	146	133	132	133	139	135	141	..	150
"19274 Torija"	1577	1527	1448	1424	1380	1373	1453	1482	1609	1660	1528	1424	1283	1097	806	599	582	576	532	489	464	449	405	365	..	382
"19279 Torre del Burgo"	470	611	592	502	367	281	228	226	250	239	214	195	190	183	153	139	143	122	124	120	78	74	67	66	..	69
"19277 Torrecuadrada de Molina"	18	18	18	19	20	21	23	21	21	24	21	19	18	18	19	18	20	23	21	17	20	22	16	17	..	22
"19278 Torrecuadradilla"	28	27	24	25	25	29	31	29	31	33	35	39	42	46	48	47	55	51	51	52	60	61	67	72	..	76
"19280 Torrejón del Rey"	5892	5623	5434	5300	5160	5160	5064	5150	5169	5141	5041	5065	4826	4634	3987	3509	2790	2341	1818	1544	1366	1211	1060	974	..	814
"19281 Torremocha de Jadraque"	20	21	21	23	23	25	27	28	30	31	36	24	24	25	26	19	19	19	16	17	17	18	18	16	..	18
"19282 Torremocha del Campo"	174	172	166	175	198	200	200	219	232	240	244	257	231	244	246	264	263	261	278	279	295	317	310	326	..	343
"19283 Torremocha del Pinar"	38	38	40	40	39	37	40	40	42	48	51	55	61	64	65	51	56	60	65	71	66	67	70	73	..	70
"19284 Torremochuela"	8	9	10	11	11	10	11	12	11	12	12	12	12	15	16	17	18	18	17	19	19	16	13	14	..	12
"19285 Torrubia"	23	20	19	22	22	23	25	25	23	24	25	27	29	30	33	36	38	39	38	40	43	44	44	45	..	46
"19286 Tórtola de Henares"	1240	1165	1044	1012	997	986	990	983	993	941	939	896	801	729	657	585	511	475	461	454	451	434	416	384	..	399
"19287 Tortuera"	184	191	194	206	203	213	207	201	217	226	223	229	222	217	218	219	217	226	235	222	214	223	231	238	..	247
"19288 Tortuero"	17	16	18	18	17	18	20	19	17	18	20	21	22	24	29	34	38	35	32	33	35	37	41	43	..	42
"19289 Traíd"	27	25	23	27	26	27	29	33	34	33	35	40	44	45	51	55	58	62	59	54	60	62	61	62	..	70
"19290 Trijueque"	1327	1226	1201	1172	1148	1211	1256	1336	1387	1387	1392	1420	1529	1469	1320	1216	1053	909	776	399	428	465	492	526	..	570
"19291 Trillo"	1363	1338	1319	1319	1355	1392	1436	1431	1474	1520	1483	1418	1381	1388	1371	1345	1354	1336	1307	1362	1417	1387	1447	1447	..	1467
"19293 Uceda"	2933	2715	2616	2573	2574	2597	2602	2651	2662	2642	2604	2519	2338	2192	2032	1900	1752	1575	1410	1189	981	930	863	824	..	791
"19294 Ujados"	30	30	28	28	34	33	28	30	29	31	30	30	32	33	29	31	33	31	29	31	32	33	33	36	..	38
"19296 Utande"	37	39	31	35	35	34	35	38	41	42	48	47	50	52	52	51	51	53	54	59	59	57	61	60	..	59
"19297 Valdarachas"	43	40	40	35	37	34	36	38	37	37	42	40	40	32	30	29	26	28	28	31	31	28	28	30	..	27
"19298 Valdearenas"	82	78	76	79	86	87	94	89	77	95	103	109	95	92	87	110	104	88	90	77	77	81	64	66	..	62
"19299 Valdeavellano"	100	105	114	108	107	106	102	99	84	95	115	107	101	101	105	104	116	103	102	82	85	89	95	97	..	103
"19300 Valdeaveruelo"	1144	1084	1072	1062	1077	1066	1048	1060	1080	1090	1052	1034	1014	961	849	703	577	530	490	434	369	318	254	229	..	234
"19301 Valdeconcha"	38	37	40	40	40	40	41	36	38	43	51	48	47	48	50	48	43	49	47	55	65	85	57	46	..	51
"19302 Valdegrudas"	52	55	56	57	61	65	66	61	60	67	75	65	65	63	68	62	63	63	64	56	55	57	63	58	..	57
"19303 Valdelcubo"	39	42	45	49	52	55	58	63	69	74	73	71	66	68	64	69	65	68	55	56	63	66	70	68	..	75
"19304 Valdenuño Fernández"	299	269	257	253	263	272	270	270	273	282	286	294	286	276	245	242	230	209	183	165	165	152	136	141	..	135
"19305 Valdepeñas de la Sierra"	145	149	152	168	175	182	192	193	200	193	198	201	202	201	198	200	201	191	194	213	220	226	235	237	..	245
"19306 Valderrebollo"	25	23	23	22	22	28	31	36	40	40	54	51	56	45	39	39	40	42	38	31	34	37	43	36	..	43
"19307 Valdesotos"	24	22	26	25	26	26	25	23	23	25	30	28	30	28	25	25	27	26	31	36	39	38	41	44	..	45
"19308 Valfermoso de Tajuña"	64	64	60	59	54	58	65	56	56	64	69	64	72	74	76	86	86	97	103	90	95	103	103	109	..	111
"19309 Valhermoso"	25	22	23	25	29	30	44	35	32	39	39	39	39	37	42	41	44	45	49	39	43	48	47	35	..	35
"19310 Valtablado del Río"	8	7	7	8	9	9	12	12	10	12	13	15	14	14	20	19	15	18	16	13	15	14	14	15	..	16
"19311 Valverde de los Arroyos"	92	93	94	82	85	84	90	99	89	90	94	96	97	103	105	114	105	102	103	107	100	102	100	100	..	88
"19314 Viana de Jadraque"	45	44	46	48	52	53	54	56	52	53	50	47	36	36	38	42	44	45	48	52	54	53	58	61	..	64
"19317 Villanueva de Alcorón"	138	148	149	162	172	182	193	184	188	188	189	189	212	215	213	237	251	269	236	246	259	279	290	301	..	300
"19318 Villanueva de Argecilla"	40	37	31	29	30	29	31	39	42	43	40	40	42	41	45	46	43	48	49	43	39	40	40	40	..	44
"19319 Villanueva de la Torre"	6591	6631	6573	6568	6561	6554	6443	6383	6445	6438	6284	6176	6050	5945	5479	5131	4779	4425	3910	3040	2072	1309	452	322	..	330
"19321 Villares de Jadraque"	48	43	45	47	52	53	54	55	61	65	68	67	68	76	65	58	53	55	60	61	53	54	55	54	..	57
"19322 Villaseca de Henares"	25	25	27	27	29	34	33	33	33	34	40	49	58	74	89	53	55	58	60	59	66	72	72	75	..	82
"19323 Villaseca de Uceda"	40	39	39	36	41	44	48	47	50	55	59	64	54	63	68	71	75	76	75	70	67	67	64	64	..	65
"19324 Villel de Mesa"	180	178	182	185	193	198	207	204	197	217	219	169	176	189	201	210	223	227	235	249	251	255	255	261	..	271
"19325 Viñuelas"	182	162	148	137	140	143	151	153	127	130	142	128	107	109	117	123	118	118	119	121	123	125	127	118	..	123
"19326 Yebes"	4636	4189	3791	3518	3076	2881	2741	2551	2459	2177	1719	1157	859	525	302	239	214	235	225	167	168	167	173	169	..	181
"19327 Yebra"	465	453	444	444	474	492	539	546	580	632	670	541	567	585	571	515	515	508	495	519	519	524	532	562	..	576
"19329 Yélamos de Abajo"	62	63	71	63	64	64	64	61	65	70	70	62	65	72	74	77	79	84	88	102	104	112	118	102	..	101
"19330 Yélamos de Arriba"	77	74	78	77	83	93	94	100	101	110	120	125	115	123	130	133	133	136	163	161	166	167	168	153	..	149
"19331 Yunquera de Henares"	4364	4205	4044	3937	3875	3835	3755	3795	3773	3728	3645	3586	3460	3279	2921	2746	2550	2294	2147	2072	2045	2039	2005	2005	..	2041
"19332 Yunta, La"	91	90	89	86	98	101	100	104	107	115	117	123	125	132	139	138	137	144	150	160	160	168	173	177	..	180
"19333 Zaorejas"	104	104	116	125	133	131	139	136	144	158	162	155	169	184	197	192	201	197	204	198	204	206	250	195	..	206
"19334 Zarzuela de Jadraque"	56	42	44	37	39	37	35	34	36	40	49	47	50	49	48	48	50	46	42	44	43	44	29	28	..	31
"19335 Zorita de los Canes"	63	70	78	70	69	68	72	81	82	98	110	101	84	91	100	100	97	98	97	103	100	96	107	111	..	88